cbg,cost,H_Area_of_store,R_Percentage_of_Visits_by_brand,J_POI_count_where_store_is,K_POI_diversity_where_store_is,L_Demographic_similarity,G_Distance_between_cbg_and_store
360050002003,0.844295458781723,5.240061913524579,6.0985962285155235,14.878219936207389,7.146468269412995,10.620845301412785,3.1361151245951726
360050016002,0.5746897518555653,5.967534311373917,2.3374147813165846,1.962647073998511,9.647177645883101,1.1792490934838433,11.090731779347024
360050023001,0.6784560436305888,2.6028025489865207,11.843313494650253,4.103934904693924,9.643234384795118,13.55413794677407,6.309356336088406
360050023003,1.0153064138174297,1.4688441767223281,5.80735218080299,2.0105366030897187,9.200302266262685,5.134485045733641,1.4190494589050218
360050027021,1.0265578537286102,1.9244945731084306,1.4769003021190081,13.632772224219176,7.389109632880604,6.2587123448993145,2.2785330057229487
360050033001,0.8674401026537991,1.6617176578815318,2.112913030622755,2.8583391908838003,3.495869613571786,4.835419917037246,7.624676820977214
360050035001,0.7348492422791981,14.07186263024236,13.544792970661526,10.396901701040736,12.3518681240572,11.564277582645072,13.720152696501852
360050039002,0.879927600002699,1.0441322356958942,10.981231041684477,5.78687613754112,12.775959973428275,9.445354549479173,8.59890730215216
360050042003,1.0314638180404416,11.703855345149869,1.0830073173031067,4.9719868846274995,6.054042285216223,8.080972815248657,1.5922430685504523
360050043003,1.0176418768841236,3.6380491450280417,1.4202877591702077,14.254824317901907,2.2762764310095953,7.869832517568069,8.739766915474135
360050050011,0.6295207514296572,4.190773380490967,3.1550051224141598,13.530521798855254,2.6727995185890876,1.6189692825852475,2.142835270898745
360050062001,0.9105442612355573,13.6040368062284,9.335950842079043,2.144274997045989,13.445475918081742,12.89126369024314,4.901696557715184
360050064001,1.024447893876546,7.216769069048878,7.109930896557741,14.44883796770334,7.938620212905119,10.929845652672313,2.165652707201721
360050065001,0.8961713846629709,13.925958006204691,6.568473345814725,8.085282639619106,13.714137730379518,11.147991732397257,4.71302165934442
360050067005,0.6675393611242677,5.159602332697647,10.040451438565805,4.174601206700402,6.270443772074065,13.57656628507099,6.2257963964706144
360050072002,1.023399767761467,10.000882897593186,1.3965379719954623,4.842782424473328,14.873851697081584,3.61475630816922,7.826473192864772
360050072003,1.0065359951687347,13.5727658624253,1.8791973447013657,9.207316804600369,10.399784236865198,10.686848518643117,10.602887293294742
360050074003,1.0199379558848567,1.3819427554067438,5.890366163835246,5.945268060741959,1.4380417639999301,7.274022298568056,1.4076792141522745
360050075004,0.59904970559718,7.395875631717016,8.07428553786868,3.516065227111582,14.122127501580884,7.2484124428002,13.492327848647879
360050079005,0.8123408497566211,7.848774106764695,3.1338376595739845,2.074466667547412,12.432681552490635,12.101930643979614,8.68979920468196
360050083002,1.0224224264704855,14.142555296158296,14.062362365769197,14.124515826508716,14.321474466253196,9.68816780001696,1.349661058813643
360050087002,1.0228370564873799,2.3309060067154466,6.886208079754105,2.497728340214749,3.6826743520660306,9.800860086533831,2.211092007226469
360050089002,0.841991003338198,14.44374082962345,3.4435797862060666,1.4767370669788376,11.71203180367577,5.0583155651082965,12.699548720366575
360050118003,0.7200369381894444,3.7994310427943656,12.116654176072675,1.6304123647743403,14.729733873628534,12.61187603028882,14.404633217920162
360050153001,0.8168894815482652,8.301937057942016,2.5883323706727737,2.6874497411952376,14.32037657714244,7.735771620918377,14.608498566049427
360050153003,0.8645736327272675,14.52525967163114,14.859835824636606,6.707179731172417,14.040945926067621,3.986373919485684,1.255703703878595
360050157003,0.6535348348312695,12.691311228162661,7.243986520283897,1.7150550654159682,9.160961716859532,6.124200721982022,1.0284956139484205
360050179011,1.0181215575902773,1.917782994748297,1.5700901929122892,13.210722878609914,3.140841249351034,8.41166176965766,4.043838310434547
360050179022,0.8487747551971244,9.349594291205396,14.011807977379792,2.270434666950072,12.838242480414179,6.423229179982725,2.915129732246383
360050193003,0.7821252174217126,13.527501147017617,10.955572823487886,4.0109974288856645,13.799369434301214,1.0555474886367093,6.129499711148095
360050202001,1.0065277602003653,2.041885770105779,2.1258404980791727,2.8303271214351593,6.997436547336418,7.629546488468148,9.579777020652834
360050205023,1.0132019801278025,4.5513921649528974,14.814030076435353,14.73040480417383,11.33843816468455,2.4885754354240217,7.8625890944416295
360050210013,1.0199085455176349,11.414129337764335,1.2371087213486653,6.778304821594274,9.390965891823098,8.106556467498597,11.762786989162795
360050212001,0.7702381195273531,14.98795915509565,7.756038251942964,1.0459753816203523,9.73882679749681,1.5343283049703786,10.05867575245572
360050215021,0.9554829319373425,9.370368031096264,9.661011186264234,3.2917288151957056,4.136447287917294,4.5707866293663395,1.3872210523090642
360050217001,0.8162431274377526,3.7400948205535824,11.121501607051712,1.3399807373417048,1.292133032677814,5.566121554936385,14.687950565852319
360050218002,0.752224471279361,11.442518705512128,8.298276324046613,1.8895916217307467,2.036690690448591,10.958205291054426,1.2234628013719275
360050228003,1.0148099859608577,1.401589522451144,12.802190495781945,14.426541472636721,10.619563302448018,3.3711180820216677,8.734319385035054
360050233012,1.0162779383073035,7.8088593417363725,5.807586936308248,14.60892603434877,1.4187775544105996,2.3603664077802984,2.6510475956390174
360050233022,0.6407549829180865,11.182964409337615,7.359640128720621,2.5535937166634484,7.5472309577221495,6.55810162048099,1.3282108891196849
360050237031,1.0294871527852723,4.627849135046772,2.315599276375848,14.789894809164151,11.882061851696266,5.470331421791085,1.4478507059054682
360050237041,1.0065363989695897,14.887319915107962,5.459424376727171,11.958435682136228,11.904255554289524,13.027424742314562,10.262566122371185
360050240001,0.7585528540898205,4.50033037378865,4.587647102697693,14.740632366487702,9.116160962266804,9.851159573282722,1.841624786994469
360050244001,0.7584010674962862,1.7186285217349873,1.1950284095517598,14.69289601628686,7.9851895710018646,8.010711692082802,2.1315519179754516
360050245013,1.0092736251041985,2.9910496061629246,1.9734722704538967,14.47506463895644,4.148306385985485,9.554595050830226,4.82824011082954
360050246001,0.9675318974534278,9.29704095760956,6.392332689661185,10.96939481455827,10.141439966394863,9.7075276921857,1.0813260068161492
360050253002,0.9145000696109081,8.099123198051686,11.92756044071669,1.8693967366986222,13.040880594512302,12.660010745819926,3.842736736505012
360050266011,1.0023764708234553,5.878008095030921,13.991017059188916,3.0038632424144183,2.4917303344895796,1.6438403978770335,1.1172625013603352
360050267013,0.9344504988197474,8.174809469684792,13.19560868625161,1.5992177608569835,1.8746602306648201,1.8931630913230877,14.548588718622177
360050267021,0.840805260872947,12.464830308090967,8.404705966857113,2.2763344415720734,14.241274748405798,13.717746651284177,14.704256611605642
360050269003,0.6380556422714839,8.84699254301721,11.490270056290843,4.112827015494252,13.933527360796763,13.320228668723788,1.1673080555864275
360050279003,0.6537017022381364,11.902793032749917,12.724933050438233,5.860665060347618,3.4661917539182228,5.877086722138733,1.2094482743101587
360050285002,0.4264368170193725,8.971162576185453,2.9336367144103708,2.104576579598074,7.4891501956845525,10.03635325859261,14.876450315339966
360050289003,0.9690812944842325,3.8115359364138355,5.701329470842934,2.8692296746173724,6.031945535415673,14.855483071548742,1.8762805773673463
360050300003,0.6783888611503323,10.409825931370623,11.921932503562592,1.5420726355051428,9.292507964668342,13.173306919899277,9.019325928164001
360050316002,0.9909816126320125,10.867314058490525,12.801617879622087,2.0979436183571387,6.228869023202361,9.791234081592993,1.7245078782201944
360050324001,0.7571286626381293,9.878147748684068,7.687342276494964,14.766084945323122,1.0904526145301148,12.783079681084164,1.922731853567214
360050332023,1.0246514871974741,14.769729754747887,2.5310354762300475,12.79664928116483,11.480891145457324,9.18106165318491,14.765395746586835
360050358001,0.7222509776034833,12.531580405587926,9.603757326228685,11.354293446713996,5.637530201004324,1.4923056684144558,1.8041253961205184
360050360003,1.006535947802926,12.602530036346792,1.3113017793032418,3.771251491411956,11.085005650395413,8.140060089512016,12.797391879122197
360050363002,1.0113953177373531,7.998579114065228,12.993955700001614,14.97680377640578,13.102837622516253,9.93992248822633,4.469916133415116
360050364002,1.0176418715267923,14.844729487570174,2.1625576469979446,7.137251007801989,10.047576362829538,13.608368066471927,10.629749844034528
360050370001,1.0189244333399883,14.43825169153239,2.205668347469892,10.914614069969383,13.882158833826386,8.800278527765329,11.016153328865812
360050374001,1.0212438513087974,14.605275898540246,4.329329591486472,12.403843684915039,11.017442569833781,14.5295510535543,13.693723583503875
360050381004,1.009273619398814,4.6010389261530245,2.1324513086493475,14.305171234967723,3.3381800612483445,3.1066535832243645,1.3918800385616166
360050386008,1.0132019673933388,6.174398174227831,13.598602406263435,14.17416567420483,4.280804499950622,9.667715614550492,11.760306073609874
360050389004,0.769671466456143,9.54288689141693,9.245718403307087,1.7199439223195538,10.621879008482392,1.1857438672166642,1.4446187577306726
360050391004,1.0171091650158985,8.301207506266822,10.5946140867233,2.459713872767394,1.6105144670623157,6.979166512579312,2.4662108084585554
360050396001,1.006535947969007,2.4618880678618273,9.777258940687421,14.506348611074355,13.755472243262389,3.3724364436107805,13.663221676192487
360050396004,0.5586718615589565,3.6778432911430654,1.2170649851162256,14.85595517540969,5.391185256706102,5.683191345379406,2.946825712041349
360050399021,1.0223818841556773,3.8858135555341504,12.163687132902226,2.7600910959395177,8.776648604673293,11.511697643766944,14.953381621572941
360050403042,1.0196656110030506,1.1468528553867259,13.826243897923867,14.160308334081463,2.4486798818536233,4.353405678654664,6.575047262441618
360050403043,1.0065469397923301,7.650339520234277,13.821775153633396,1.6368855275895524,1.875674592861035,5.8314166261294496,5.774955020037863
360050405024,1.011395317719574,10.534407559347292,7.453482484921117,14.468580018017132,12.275426555032944,9.503225889179735,1.1121203344584174
360050408001,0.745981772072011,12.709597384884075,14.52856432780002,2.6838749267454673,9.685532080228779,2.9582869635599374,14.047068480273346
360050408002,1.0109571007521625,7.054855648226468,13.939109216358439,13.395419308119344,8.689174196804975,8.521872411641244,13.146153505290831
360050419002,1.0189244611002195,3.600236465379904,4.34180626686725,14.244852032296237,1.7812816585830298,6.790683657449223,3.0239355421566723
360050423003,1.0072729356445846,2.1158842003755964,12.819890336102855,2.9200146406447214,13.17954812411709,11.33978713276322,2.108507047135067
360050429021,0.8716693674227745,1.3074436739739248,12.867842858873807,2.9390646566502565,6.086995777495898,8.433411193465856,13.18229449401835
360050429023,0.7099398994484517,11.966858090131517,7.809671211586068,1.694278772055998,14.512894892013035,5.443797480498965,11.410596701467071
360050430001,1.009273581614555,12.935150531138554,1.9108485514083586,11.687589170297475,3.993694549137304,2.518334939112978,12.768031175775407
360050436002,1.0132019675086241,14.607541930957339,1.3747815200732134,12.094062740027123,5.48841920252156,10.063943826451537,12.606675759124437
360050442003,1.0092735818057694,5.699576115028049,14.766280406456463,14.6540767787141,5.573824494927563,3.924995925969282,7.88962881805868
360050456002,1.013138665452555,9.794399650630453,11.687506496421591,10.757382342178648,14.98657737765581,13.456261513684469,1.1613168530262805
360050462023,0.8397001921022309,10.528239697993184,12.218459897184472,3.787296748455004,8.084874389142517,5.49180566577801,1.1601828759393928
360050484001,1.00653594788739,13.293857761298934,1.122324222850196,6.7351199655103295,6.022572130955886,6.268169449639238,10.355296452172375
360470015001,1.0209376874573926,3.875199612616838,3.5848743650635715,14.424333123182967,6.06299342873944,13.334472213607103,11.694608508070102
360470022001,1.0300464213568885,8.267024634197814,1.6851824724300457,6.665966566500581,8.454259229972038,11.293410586664365,2.020040588886225
360470046001,0.63370760099871,14.803417159542796,14.637201487741457,9.631269825642264,8.552272242390542,11.458900844961486,2.9489472991297005
360470054001,0.8864469649703528,1.0757266770314544,7.783093584925501,1.1371977226697396,11.973627696040193,1.442543804629775,13.486133934399646
360470064002,1.0216094640511921,12.96569863490672,1.1036229907941344,5.140160214179922,7.600309059872462,1.7062334666576384,1.1944191366660712
360470065007,1.0065359495464246,8.866869752056948,2.2597471921244754,1.6006848187581433,9.902363494930778,11.94618713060251,14.886036497870151
360470070002,1.0096757342536073,5.936649708067157,9.695092872201398,1.1221488062937488,11.245522432651399,12.894864222724271,7.670975893485103
360470071002,0.9862605789236404,2.6879930793771543,14.908942364950427,2.02470358125192,6.139888238898173,14.471703451285503,2.928081235365007
360470075002,1.011395317818009,1.3878200128092542,8.885410594035438,14.855479040372895,14.227304844586289,7.800436908645548,7.092634474673007
360470096004,1.016277925419799,11.261446786915691,7.884624278686885,1.911695070344083,10.74481820436947,4.4576607759784395,14.838189487840339
360470106001,1.0009265989512988,10.525579036239726,1.1674862672560398,8.027705233366156,10.718607119778884,7.94244240026891,1.9354735740596745
360470117003,1.0113953182529096,7.055618240654679,12.678600240496946,2.5058439949934708,10.314788385425018,12.363243846020097,14.409403039259242
360470130003,1.0113953366976918,12.953872783828274,13.577028611958108,12.01555794177062,8.190493027915462,9.191491651506432,1.114505654069018
360470136002,1.0057716944538657,5.896974670741682,14.11797532753236,1.1441799768114336,1.1797990631470352,11.751061404590365,7.2371729978465575
360470138001,1.0183879320658888,8.658175569931128,12.739451724371419,1.0914597568166684,14.473888695744442,7.285262982462237,1.7546516709839808
360470147001,1.0092735823278303,8.24945033393628,14.724378012026717,2.42783446846126,8.435631783226436,9.05370437736376,13.606879189672242
360470150002,1.01411731583096,6.805449485634831,13.253054429681724,1.3970629470685552,3.210946794399838,7.981410611476576,4.444935743989525
360470160004,1.0188606583028934,1.6770453155418337,2.37948093820862,14.966790156191335,8.460119617173968,7.414041116672082,5.666606236751611
360470166001,0.8388256293183691,9.52604349152221,2.0731345581834635,6.117785227235236,9.351206595282061,9.927734197520248,1.1753969912304534
360470167004,0.8866610668676076,4.601618334768445,12.486840805205368,1.6898115661906274,1.7860663706185882,2.7825112862406254,6.9811084333130315
360470179003,0.29986568696943205,14.66599722840212,5.211318849502826,7.222334057406569,3.3170111961617477,5.950786346569883,6.1908793500885615
360470181004,0.6879302801978631,3.487234949668105,11.44821364613548,4.3713906109931315,13.511548368521002,6.74807441209823,5.301820972237629
360470193004,1.0132019673547588,5.5987214228047,3.0289010919967083,14.598825569159432,5.713529636195433,9.278362753878922,12.885796454298124
360470198002,0.9221295745528397,9.918909628830775,12.003168247871706,1.7692035519170073,4.485945888430046,10.409530671770684,6.1911147693397055
360470201001,1.0000656890655508,8.203469151788134,7.8533972035676385,1.554010219230344,5.0983008898097815,2.5490764343226147,1.9863084164368465
360470205003,1.0065360185930294,10.977114554770496,10.290502327119306,11.686454588613936,2.2637650193739027,6.3841036657100245,2.5232279408510117
360470212002,1.0168353867225148,9.910827177822506,9.53801971043103,1.2944059880548782,1.9549404572300022,8.31643844104969,1.6231207609177132
360470215002,0.848304433155492,2.1395920179078303,6.2986480725806295,1.005381634142843,1.6490818302286678,6.0043855381460345,1.2448252420568249
360470215003,0.6955422833213117,13.06497068977368,10.886140645704613,2.016895617853871,2.268542828924341,8.458412405179496,10.11697335656615
360470221001,0.7774318524389978,8.412704975326227,12.419370702799942,8.930030200295953,14.920327053487913,1.1412355444593976,1.778206722248873
360470222003,1.0176418886870908,12.59584508413547,11.537676143641148,1.2826978185787823,10.008301645467123,7.602764632767592,14.949059073456455
360470224004,1.0114650030522334,11.899728369396371,1.2735906493751434,4.254742529243049,1.918587824612004,2.5579392792995392,1.3866642180379074
360470229003,1.0227137745972048,4.520638220741958,3.5313117355059642,13.5753769493882,2.174034749470195,9.448585736480421,9.343626293386983
360470230003,1.013201967239689,7.106422102719055,5.124448612488228,14.211689180842512,13.361386008987736,13.822776819785924,12.261018438688932
360470232005,0.864655396308498,1.7643327264626887,12.031569668413264,3.1716141913611935,10.024785903577,8.931270835098186,1.6713343364260826
360470236003,0.8683608703313388,2.9472857900168816,11.255154498393688,1.0066614359522053,1.8746005439478801,1.8558789046743203,1.9878142080109988
360470240001,1.016279575103848,9.813944930369201,4.362561750586796,5.749269404873757,14.648311772019495,12.973671312275084,14.476778436905127
360470241002,1.0092735814116651,1.2642773118229496,3.1659201857118267,14.637806733986302,5.662666291221742,5.681677421136431,7.904213396022411
360470243002,1.0175696127358322,1.7811896953820483,14.615064413032876,1.0574830424792445,5.701776716939057,5.978532119858376,6.3130328381215595
360470243003,0.8822808497783631,12.938692824244994,5.640000795608058,8.3566805619635,3.933295002040781,3.395807946815818,1.6583299153635984
360470245003,1.0092735830312922,1.110184676694078,1.481242828765621,14.003066931790446,10.695664889427285,11.054232779587199,4.788844718671442
360470257001,0.4749113513180775,13.969091655997572,14.044440882128551,1.5496033842032721,1.005561400109673,7.768977616191705,2.908312333977509
360470265004,0.7157717652411346,14.459245459460933,4.064484957288304,3.910829082764869,14.185559314620074,2.283788263143869,1.216413552971075
360470284003,1.0238417641268418,4.674208659564057,1.5880246416630186,4.448049351280055,12.683158255464736,13.724590378393346,1.8876825199703626
360470291003,0.7161795468867911,13.918088427658303,5.363685333365417,3.7700550722327613,10.348324221968824,14.654414454370727,4.894429079586182
360470296001,0.9099169411606178,5.373959828215693,9.412304746646356,1.1783475400269054,4.5467283489981005,11.39898667181119,14.92966771521057
360470296002,0.8363964576700693,2.14815734028402,11.963162327429139,3.805007205776306,2.2024779621179853,4.204443678979922,14.685530189492802
360470305002,0.9091441306298506,8.260255416864094,14.27540246749821,1.5646154840699662,2.140973017219352,9.280271529367415,2.4579819390695845
360470307001,0.9276118875614734,10.19319010368234,8.022930794536888,1.321373363300891,1.1204417902851938,8.077375197932128,6.698990138903968
360470309001,0.8515915930585514,13.692849114952663,8.705888665845913,9.59928181252667,8.680742147589893,3.764780942063382,1.6576173576435451
360470317011,0.958961410317793,1.4735942344323352,8.819820578728358,3.1469528560720903,3.0241475058219756,6.054370640652683,8.444192822799106
360470321003,0.9224082886090952,6.381746390788847,6.231391416026575,1.1840053218566524,13.98658346430557,12.178175706094574,3.875217727929516
360470323001,0.36928708994060877,13.14378261382192,3.8434856588285404,4.1239518812659055,8.785074181526827,5.340342239716961,12.221540019018505
360470323002,1.0024294695786997,5.960673711128976,13.203891424849138,1.1765296334958393,4.2510418535764325,7.357277743435967,5.559097287634124
360470326005,1.0351050375991797,13.051819770087791,1.384131167047855,8.036723203387272,2.5001185129800514,4.8073861378218705,1.698191955379423
360470328004,1.016284243553114,13.321534852023577,1.902401064225323,1.390127118666193,7.034698348419212,8.441841462654649,5.17449184558879
360470330003,0.755677187714944,4.8904480800128045,9.148323873487838,12.170362474515192,6.878738347191714,1.4061655990813922,13.305545650153341
360470331003,1.00927358140821,12.10492738535224,11.118848850688243,14.769135675363959,6.490263123175642,4.552840128219537,6.564888187989269
360470333003,0.7337485000737997,7.145053393732061,1.999273182662602,14.894997203387407,12.99098800444066,11.71147555357538,14.44038437289689
360470339004,0.9790106322070904,1.7646368231138077,13.733626581131645,6.197645657624239,6.222291260976679,12.150865907315978,3.4252773420660247
360470343002,1.0107317707929329,4.0805246931683445,1.754747078574094,14.949017304230892,6.900483445842584,2.1682540898922014,5.646037211906052
360470354002,0.6985098709784281,14.88242312038814,13.35936820458702,3.773505656903538,6.978763380406057,12.298047402395294,8.474000040151473
360470360012,0.9888557324667503,11.104529350446144,1.034333839102235,4.168813359643968,14.660513778518812,9.560965698482768,1.973379104047421
360470381002,0.7350517994513026,14.16218111263067,1.1812695509843572,9.562668721525885,13.58438415257773,5.936225312599802,3.787254160647785
360470381003,0.42643567514079106,1.6981539950835352,1.8511494974854443,13.846071809742421,5.62650188986847,10.185202942308749,9.369251660111129
360470390002,0.6928495570676119,14.390778708650483,11.331217259109517,7.580715334460716,10.335292266217808,11.417337517648988,1.5741604190233847
360470396002,0.7777840107153662,14.895151182421841,6.821657280083308,7.814534149907367,6.355699709609068,8.77865204835108,4.3415767682506115
360470397002,0.6130846026763996,13.464669773018887,2.637744584769353,2.480992002578205,7.256211204707341,1.7799904300920524,5.7271025267157185
360470398002,0.7201420003549697,5.0881192962269255,8.82067602437597,8.463373275939913,1.2794626906928706,13.054449109490875,13.808471070464332
360470403001,0.6636527176530113,5.198426990686281,7.655682782055663,3.1759053087199547,12.871540503319757,13.294414750166938,2.570326310766185
360470408001,0.7557249028571525,14.970934868305356,8.378010628645654,5.515538432363284,6.823955293136437,12.822032212972736,3.5275561780258045
360470408002,0.8301338175066231,3.3881547621243238,2.1233467264823727,1.2918153925874591,2.1490355326616246,1.616502028423806,7.7796379903970925
360470409002,1.031181384305955,4.076680593347494,2.1410466032071356,14.759451529091994,10.737766891116193,7.2610358151765135,11.094948750977261
360470410002,0.8491883424343041,7.914234354627458,1.0063124145982782,5.409475031431026,7.83702515612379,9.933333012065766,2.11734395407766
360470414021,0.9016207411727661,14.217077212278193,1.475160059405351,4.117454823042889,9.766538560800615,9.78838138190332,1.5062169240103427
360470417002,0.925909049221025,4.129190058850579,5.3711082653534525,4.605249013168674,12.461673920447803,1.1669292665783004,5.48740356248932
360470419001,0.7241619855362247,13.371663508061644,12.77340601881158,6.031688058000362,11.265427023280843,14.586262236559971,1.4175308163750333
360470430002,1.025788084475081,1.5541676144079883,1.4726020694879691,14.32752001002466,9.266358512072998,5.692484968338263,10.732171562522153
360470431004,0.712623506027744,14.224742597726149,11.80741671391175,12.838159451484394,13.06489726241351,3.5388258259603544,1.231093873973263
360470432003,1.0212507400533857,5.36488995381058,9.593983278392287,1.240771559058988,2.2866685642188536,10.779863301829067,5.517507627894319
360470433002,0.4673546072682616,14.701080336657832,2.7101457548003554,3.1274719936653916,2.284109611262716,10.409652297357443,2.4982012666524405
360470438001,0.9913939781813891,4.108590804288514,9.917531286468522,1.260818211119492,1.0035127209507255,10.806383432809568,4.354941113205896
360470444002,0.3725408478953103,11.705944973132683,5.497277005389709,2.3328122964261553,6.818283706916631,2.4385227463215866,7.812551373052636
360470485002,1.0140261988744381,9.672133499520804,1.372344197649455,14.820028141783808,13.718257952724517,2.6351553276622153,11.692471840273551
360470489001,0.7467206722909504,9.823305016570853,11.704646541113169,5.220654048658538,14.594042074612146,10.702613346056559,1.8296359616675932
360470494003,1.0176418769786124,1.4539249512088486,1.4814421489917144,13.414311132788368,3.2637706880065984,6.720389512477883,6.494563899170746
360470499002,1.001943923631891,4.504196965063947,6.568607151587718,3.7342938652584046,5.912279177692945,12.96380548735555,1.083300214323037
360470508041,1.017641894139425,2.128186000282586,13.75165031375807,11.27401776097057,12.528199542914132,6.106102872197292,14.289852567864472
360470513004,0.9694061575196272,2.6809163683032438,2.131344764338415,1.0196935108141032,5.779525119360567,3.615678505981993,2.2203830911002447
360470518002,1.0201414905197366,4.432223447129028,4.6134003136876665,14.13243560433257,3.561701536146259,9.696883939160614,5.454802756286103
360470518003,1.0147771319059868,1.1915698498027254,1.4859234820483533,6.113384384119752,1.5443961829146513,5.523514521571187,2.0847365644383364
360470520002,0.9918419576534095,5.468539004419128,1.5480848751630756,2.7581196807630306,10.028658080666567,6.592947594118574,1.067890292299925
360470523001,0.7695791638985012,10.299883390849926,10.859366200104652,1.8979787352390445,3.8458093991671327,6.485597972783218,1.7743857106612881
360470527005,1.006535947715813,8.519037211743061,3.3484484384202164,14.665221853605175,1.6733751874351221,6.97895947108165,13.418450261807099
360470532002,0.9836496024872428,3.6306350082775225,2.575600264633752,2.6534894793704105,5.729701566199772,11.648700372568193,7.043887682015892
360470542002,0.6816825978140805,11.789079253190481,1.649074681316065,4.161801047031682,8.852362417271832,6.596956629178336,9.393887111895417
360470548001,1.0237664288144217,2.7600724584083105,1.1212980342471817,13.411671707394985,11.847160252888106,13.34030858784151,7.875528592342614
360470554003,0.762571577502758,14.975875527565636,11.289990913893966,9.498251957307476,3.349413532174641,12.293268136138222,4.01267523610902
360470556003,0.7712234608296847,5.8485005382999775,8.682679810757996,11.617783086464746,2.732636272605562,10.930628611268812,13.917844790623736
360470561004,1.0132019672407107,9.46267025838165,6.254795498839549,14.83688025362347,3.920664600333354,14.400865535869453,12.846978029086273
360470562001,0.9713500568441498,4.19795410962847,11.02605468803602,1.6171029624752529,3.0768133976099716,8.8075651712343,4.813575538848248
360470564002,0.8203442218229344,12.081672159158273,6.871590109460563,1.02055962263847,5.128483237074542,2.2535875034298734,8.415193377386307
360470565003,0.3098504179473719,11.010754068806005,10.33176297896871,8.771073598680205,10.781641865071931,6.202666776165071,8.072652627846601
360470575004,0.9800771634390928,6.298564744967859,12.771208810235422,1.3274138084204234,3.3314166363131115,14.823176303735611,6.2137299203717244
360470588002,0.8228681004501857,14.707550148453693,12.123848903324596,8.731768952281373,9.563899777080023,11.008498580183662,2.094805963382654
360470593002,0.9964103311147808,2.0933710095876377,6.173462358896706,4.327674433352943,1.188414954437901,3.623859830985377,3.359828133235692
360470594021,0.99815694181658,8.188051186453698,13.039893516022483,2.441587988355721,9.052862159068923,6.182180881047515,2.418318719664624
360470594023,1.0231228382577113,1.0786152880000373,3.9977588777634594,14.033666876602705,5.073495761092307,1.2726934578551607,4.847757126426174
360470598002,0.8589788910615305,5.313095593849386,1.716070365223647,6.673873108265923,1.9303169535312854,7.2502065963136175,13.679372174262951
360470620001,0.7379346958401719,14.308824902727109,14.373623783015152,10.52687264965423,5.287236688577246,14.537257826723454,8.173895125899282
360470692002,0.6980729757751574,12.759695470374552,3.0360240866503965,6.079179381959774,6.9390152174147115,13.705683220517628,7.703651703206696
360470702014,0.6581324844827914,1.8574568199889394,12.375257130129462,7.168669002984167,13.886694726280016,11.691976426878554,13.087994393689815
360470724001,0.7462656383499058,10.68983819309743,6.991458367967509,1.7631448228605855,13.860274503399516,7.044499052960866,3.2385161213264193
360470742001,1.0240748162046682,1.183846755081496,4.831105355682077,14.974627294625943,10.430480046187336,8.533873095774284,1.0194222045534396
360470744001,1.0160330398682056,14.757261270352245,13.956144015210743,13.789904215268542,2.31810201377884,12.360355723988395,5.608975265227849
360470760002,1.0189244808489266,1.755694523599498,1.5837806864138457,14.87812453449148,13.89574002679962,7.468233470472392,11.766659352057555
360470772002,0.9867347358410878,6.374610111171515,10.858260383832391,1.9100999913880727,3.487971973110888,6.930961001282036,2.3834873486077433
360470790001,0.7632364263844237,12.380838401730514,1.3654718566754207,7.432346027471226,8.271239104201003,1.1560843443002202,11.960403500018959
360470796011,1.0148096987994293,4.936873547672237,13.434020667518638,14.928714646274216,10.535439708084994,10.784796273948963,14.09151238204619
360470828003,1.0270406503678018,2.480199904637118,10.563308733606258,1.1565092075330998,10.21117095915046,13.515155159833881,1.3711427511581178
360470860002,1.0346864958167246,5.89975290060169,5.445295194624139,14.691226607359098,6.54581460424748,5.410675276197866,6.274960094985847
360470862003,1.0175763117331296,2.2878136968767606,1.3557033215956054,13.992949413217664,4.929672426351183,4.8319267129163705,5.111268335157125
360470872001,1.0179154323532063,3.6907362380450603,2.0327750827866478,14.27218688229673,7.219081031771598,10.456257754473016,5.537052104963145
360470886002,0.857114938255516,5.854567872856684,3.257295469204811,5.852770459882493,14.883699529552054,3.725473891428747,2.0966189168022726
360470886003,0.8993984746342146,13.385534600325677,1.1751386203571457,5.930563633854522,1.8187426511667901,14.539435619595071,2.447393513870421
360470900004,0.8404009670166204,1.998605480514922,1.974817404975786,14.758397111259619,2.625467508988848,11.539096902309808,8.462710115894879
360470908002,0.7797506852481415,11.740903814817916,7.149130387776509,4.646393579414855,7.6836428379278505,6.1644781997021525,2.8759130711897845
360470944011,0.9668922474889832,8.151874481896392,5.81446714295103,4.449247109197975,4.463065928252211,4.789047938800828,5.4840822099059805
360470954002,0.7483268298185807,10.317714136953422,7.826213224207105,5.207292372440167,9.571472752370127,1.1536821620151414,13.8195674823811
360470988001,0.8693547910885926,11.868542668388343,10.513838728104979,1.9111572598305813,12.957017768491948,8.258796090377498,1.0543400908017588
360471006001,0.8089209228110622,14.975486590621369,10.248384074720127,9.720769013487741,7.110167414157435,10.903900047423637,4.09810855206919
360471024001,0.7728622346013116,3.72067397570553,1.0291068291361771,6.021670020936326,7.559257331184781,2.348652259597614,8.017134264890311
360471058043,0.9578762282351294,13.766191924879488,7.740487947188338,12.012794073216865,2.0391051067179067,13.02286958884605,11.182774346711891
360471106001,0.9272444135907827,3.6550245751358545,14.594860548285649,2.4448416414224567,5.2673520727371095,13.956200153566332,4.494778198456757
360471106002,0.8636882501813165,3.4500038726906688,1.1513913899219332,14.666886530915455,10.556009309954456,7.035254476309296,5.283785699439756
360471116002,0.8729613153865465,4.842888789374534,2.316486867110928,14.600774234420939,8.501094729597098,10.016498388178462,6.598717194019779
360471130003,0.8069492904116395,14.589869053656903,11.641583592332172,11.7834410646131,5.004935556113081,13.806068713569765,1.9139772492717888
360471144002,0.7215507442267203,1.581575166164538,3.3400578206044287,14.76650688607647,3.434522352530232,10.320486026411771,5.139236726142361
360471152001,0.5351847529091155,9.67254918054859,11.871293909577178,1.9682387819796687,13.90735865059722,8.907021072416928,1.2281473841020585
360471152002,0.7869729282600973,10.037634838177127,10.336000673828424,1.2758626141087959,2.234332832113214,3.866483261065077,3.6562656311863253
360471156004,0.694492778533667,3.628024258499623,14.29002068817978,14.63932630717293,6.640596977870433,2.0788119168156314,9.365914676724817
360471158002,0.8272499865487066,1.1254248313192265,2.766758161132225,1.174951670559657,14.4198035188113,13.6765172051159,4.01543883745335
360471174001,0.8060413981379246,14.769148523074628,6.435712091118849,7.955271641985936,9.177086949953576,9.121470407413884,8.70119932673536
360471182011,0.5242317379071435,9.959614087886887,13.15172894509057,2.9126714341334186,14.366736622433132,9.224130025431338,1.301972262021252
360471182012,0.6174887831623666,7.48444933165327,2.211087565070919,1.571153652650433,3.4083625820673262,4.965737302309253,13.283287882140973
360471184003,0.8348957206007307,13.357076720243118,12.60992002394513,1.4218454704748131,7.8168175199586845,1.3102177985319656,2.5990951887966958
360471192002,0.5683760972655946,11.33463239579686,4.762891137044825,2.176165828410568,1.771595109810015,9.000193326964578,14.28191843261406
360471198001,1.0026645294595862,2.182579164487409,6.792269237049156,1.0014203910016621,2.2642817077257265,4.4857909775786675,5.564377384379394
360471200002,0.8278003972407835,5.580221491199699,12.116664035591507,13.914472399650535,10.459829082691188,8.630724782249448,12.212584778016039
360471208003,0.8399834255238322,13.171646656275243,11.207965194411482,4.773655364920078,12.130038827601721,1.285839439975156,2.5609480776959463
360610010011,0.9819961640178435,13.112296657175257,9.393708717860289,1.4204630548285593,2.189099615720532,4.39800840074323,10.088967977671201
360610012001,1.0016299934408535,9.47747697666179,3.8016702450810183,1.302414870642778,8.259179424957374,7.192419772807205,5.880549029193601
360610014021,0.8396049638015486,12.244825262582971,5.8424298919545805,3.9406213214315198,12.564853572624216,11.33100745464996,2.8419902995287867
360610015011,0.9210732154616672,12.67736944069982,12.046514130638638,2.357155425418832,3.3625292375836455,12.538024768056458,13.520534938791435
360610016002,0.9547047617067501,6.677829772007989,1.2240951995817948,1.9997929056076558,7.846503674399221,13.190386947209497,4.294553464537392
360610016003,1.0094725904534798,4.52894166746336,11.966800311010218,2.128928684309013,1.5831862346812802,14.27635740072484,5.496356964311349
360610018005,1.0092735821207097,6.095903860214008,5.446044974133522,14.59992178193827,7.902873481482198,4.3094901371739205,5.670981451505845
360610026012,1.01132716646705,6.732844059125176,5.676715081298605,14.776516739041334,2.601628776019865,10.773591231938537,11.33687473348764
360610030014,1.0162105940802726,8.859328609494979,7.605782456833284,14.632946886619905,11.164280154705704,10.398769061559824,11.21677609209075
360610032003,0.21878039351988188,13.718356167001915,14.118256065871567,5.426442952978197,10.787250761432679,12.212426164342794,3.3234062067202035
360610032004,0.6280791874580325,14.943497983136268,3.0557725407852407,6.347731231941667,3.79595764020861,13.198802710417183,2.891397834430338
360610034001,0.785768613234353,9.987747657205253,9.855462122337038,1.7312250788312653,1.2634442063741975,9.085832196686047,13.832475097476111
360610036012,1.0132019677020467,14.407068504316015,4.9038696750571,14.01513191723113,2.3822274741270477,1.5321041360335474,13.804279173310277
360610043003,1.0145629984616178,8.65987359408857,2.2335524734670695,14.733203732942513,3.919489537358329,3.241114198933454,8.095296437958147
360610048002,1.006535947712544,12.88681200449047,7.734142796655934,14.83684476143508,11.403447457034012,6.621105660297284,14.989980578490476
360610050002,1.0065359477127542,12.99053335854052,1.5942441837870218,13.411840441699628,6.030450976915615,4.826606991765693,13.862660405157817
360610059001,1.0065359477124183,2.9273748111739835,11.983535990612744,12.724834511249698,9.724202692483424,12.28738741543213,11.231158163565397
360610060003,0.9435063503687724,7.570058468280626,1.8344052933039712,1.3038125300195382,2.322442612271395,2.3000946289290125,1.8407453696020304
360610062001,0.7956874354947878,14.025081516687287,8.161388955350256,5.840286872228143,6.627461978633198,12.785670421966962,1.3719950106125132
360610068003,0.9767551692087867,9.398542577693043,7.763509546879618,1.7508573238439986,1.1774394438577769,7.695264309748701,3.931202263063466
360610078007,0.9766283598089803,1.19937261466999,10.920884571082027,4.587757677981109,4.935762384693152,8.784064744375904,7.035302797795925
360610080005,1.0069186358693467,1.1518026764059894,1.4266879805575137,1.1007644316586158,10.598959953402982,2.150538779278051,3.1931497764942876
360610082002,0.8000100411656934,12.819933138457099,13.853153942748468,1.625965516018043,2.01160508739366,1.6532960170238393,5.904093035878956
360610083003,0.6585686246306088,5.126320347654628,9.169213967684023,6.708953944373549,9.22106934342173,1.0064224414140703,7.346717455303383
360610086011,0.9849355430471044,2.29841678260739,6.489954480538838,2.839089972657092,2.575438054724472,13.973853664791324,3.4299110755983264
360610086012,1.0113953177143098,9.450219392215686,2.07746585496248,13.572034305225259,5.824854620099359,5.84299754458695,13.159843397342062
360610108006,1.0148096962981543,3.6393427369131635,5.5632117602105895,14.535103855497981,10.438450309909765,7.582479152916955,14.107014807435496
360610114012,1.0113953177142911,8.80310704853894,10.55707760659314,13.807110773762526,2.893200977903068,6.0296288340142254,14.461182922526426
360610118003,0.5002632432505207,14.460556806689297,5.231632116115973,5.920795677350577,2.0575094342044267,7.442375890279749,1.2458306728392703
360610118007,1.0092735814012446,9.062521592373132,4.015432542944833,14.863931558561783,3.6011480112531067,12.366406358984088,14.875315851866937
360610124002,1.0064019483460285,2.304476459543027,9.773617364574415,1.2468902446021888,7.07864439529318,8.497998798106824,8.387109179491505
360610128002,0.9272344580757264,1.9093425352210418,14.468820795302706,5.908153448512406,2.647390168687255,9.943101418094251,1.6813660472058263
360610136003,1.0113953177142934,8.018682175342347,2.543762290687753,14.994106262139638,5.121694691174711,2.959947983015864,14.322276652957658
360610140001,1.0148096963011888,7.96737813929843,6.0040786248871285,14.844348992024686,11.512056250988147,4.403031839295698,14.477961523381072
360610142003,0.9654723474286088,4.48318095667058,14.844501486069259,6.617410329243021,3.2282387907118544,13.413352381580177,1.735191837915901
360610160021,1.0181167216188751,3.696133363757172,2.220136369469021,12.893374755725745,10.01210333922221,3.330665159440821,11.331996507521183
360610168002,0.7064160907480153,4.632222045260878,13.118722405019872,6.953517577179753,5.198986829861994,7.33969897201629,13.192398319216515
360610177003,1.0147407626078566,8.594780993785966,12.037446846282355,14.152504738069027,7.27045320651134,10.411034175103893,14.906730600369146
360610180001,0.8634536535561934,14.253753692781657,9.509338091847916,11.156679679405785,6.987768691114525,6.772493033183648,2.6242095562082284
360610182005,0.7595885464812717,14.415273646071569,14.9648879662946,4.228110552676393,10.37896077989655,9.253723070176889,7.335025392910925
360610183005,1.0065359477124445,2.6012410623054394,1.546376472402484,14.166708037789656,3.89229298540866,8.059187297104978,14.642897664135894
360610187001,1.0090911946039847,2.4459903892317874,13.785787578033073,14.7840864431679,6.077364900561546,5.304406016103432,12.88819117634894
360610191002,1.0112434525179803,2.0366479926841308,1.6494189630231149,13.518307702347773,10.93508287431371,1.2128254689762752,7.221084021767893
360610192003,0.8682067137636098,1.9184064789058466,3.157714573877128,2.03168901340589,6.4280850761521755,3.6186228515828702,3.020307027239731
360610193006,1.0132019672397024,6.314771440993795,11.125799134877202,12.152747904491923,1.8956796812842178,1.3203557524596263,12.791859923065614
360610196001,0.5574595480075258,9.686654972268125,10.997251187301732,1.2926853432009118,2.2252119252623284,5.743590986720481,4.327304701104589
360610196003,0.334489247894843,1.1408318184701818,1.0417714007285568,14.088745143643152,8.205376344953619,10.765947698730645,7.161667568466228
360610210004,0.8165713204443981,6.8344697717619525,7.4627324046210335,14.371497903886041,12.806816547631525,10.587468230371622,14.077684252483811
360610213033,0.8500229034746177,14.03552806685909,14.66072775061089,3.562925709128,4.322220154264328,7.457750847356085,7.122462680481781
360610216003,1.0062350755861544,3.9977459031126803,13.043564625094518,1.764042325475252,5.067523116034868,10.04114792957985,1.2728500512129752
360610221022,1.006535948265797,3.4088820984442414,1.4933670050074266,14.483559184372439,11.198518118014062,13.824189258053103,14.876162526760403
360610231001,1.0065359490236465,4.329293181795166,3.164352283451167,14.630677409917638,2.840453823350254,1.4900172036038768,10.244845723812745
360610231003,1.006535949752577,2.829664502298609,2.9151342135589013,14.743381705342276,10.577408296322684,4.213598567040716,11.798154298499668
360610232004,0.6267152922428324,3.57933323765414,13.743187781000039,3.5690302783585985,13.841729206064857,12.26770911257265,7.898217521886156
360610233001,1.009273581561944,6.766616470013794,4.048946201041909,14.571253393984133,1.9033913406318792,4.757625367566093,14.046398287162088
360610239001,1.009273581895201,1.2107769715992593,2.1652569749525252,14.919099990951608,6.112451100506349,8.752810160950492,4.1867667945573
360610241003,1.0148096990564186,2.4364304087317965,1.3979736269499723,14.758729982063983,6.925295636962723,6.89895030939835,7.845726032144256
360610271003,1.0132020145942393,2.7983006650923983,2.0251794137438353,13.565033565658847,3.1226608817313526,14.377466938448123,3.062485470422736
360610283002,0.7759109469368375,7.970887722424578,1.2555968564716125,2.287430018409705,7.293183490429936,6.092689617747817,13.34054961306435
360610293003,0.7152078192852851,3.957145060393268,3.4137388155718567,14.812829688228403,1.1987474607884607,5.59877403788037,1.7860795460957346
360610295004,1.0200793950598115,4.689672930721528,3.0550552041868215,14.629084206172323,11.228029019350071,4.88410999301269,2.2798216425273434
360610307003,0.8350404769469373,4.732084321600143,9.03142122566824,3.4276076160672417,1.450980318256633,11.394332765393123,1.4275677931243353
360810002001,0.8425536206535604,1.3169835286051705,3.9894394115181413,3.2201596594972948,4.660752416583879,2.330073976470727,8.675955722914559
360810018002,1.0050813872399877,1.3361384085687744,2.0553674692518604,2.8507728622021498,3.134959829278197,3.1435171250890432,12.615547092098868
360810022002,1.014216194648825,10.374826343510232,14.001223587276689,1.3838875517095737,5.0251700497382386,10.835855155377669,1.6299475307659286
360810025001,1.0203661802293735,6.783815857115201,7.265488281062282,14.598602068295564,11.787939303947674,6.710555363808433,14.221165070889
360810026001,0.7803988010002934,10.835224992618642,4.615599474878963,5.8295561586964535,13.165351330262192,10.29185956177244,3.8979778882030285
360810034001,0.7580283832039247,10.430097085401826,14.186991291204833,3.653754841197138,14.593695985404803,1.1257174973803288,2.8671705387769406
360810042002,0.6657955632375083,9.143317611354405,9.049005387426897,1.1943748341402447,3.4661555133447486,6.632339708136577,9.35583648567746
360810053002,0.7089515807942443,5.267952979484592,7.872126193618241,3.7639134140317188,6.7606802176670975,11.176328056236216,14.59283639566177
360810062027,0.9240276634873454,2.158950980710741,3.1226066053068617,13.984669917789807,10.200233039363374,1.310711912984377,6.309406157988516
360810063002,0.7167759476157743,7.236897006261065,12.949359563863089,4.78263629501892,4.162934992146588,4.032917079151447,14.43563948264572
360810065021,0.5372932628464476,6.858016615654893,14.117675868979155,11.330620285749207,4.206701850060007,10.532669048730874,14.883836692899951
360810094002,0.8444412164603039,1.9521175496357643,7.289012678691803,7.143706281268098,14.710759407762799,1.0987636362318967,6.206697144246563
360810097004,0.669353036767987,1.1779053554470167,14.153202698313947,12.078710736478634,14.438642783400121,4.791555505171996,13.52227300782566
360810098001,0.800116635611633,13.239874133676807,12.607444632881002,3.050908480420724,10.20948367596039,1.170545080154513,1.2421014333829845
360810103001,0.7627587952888599,13.692983067948042,3.5927447635045455,9.194545467458422,12.252272844141565,8.95342094224307,4.160981626706505
360810116002,1.0176611544400074,14.833294512387537,8.030114426378812,9.446510678820507,13.893036399244348,7.656764816448615,6.252348954881199
360810117003,0.854960954159375,9.842638453356502,2.798824940777674,5.783702303321026,12.72242447243181,2.8426598306259048,2.9454233187651084
360810120001,1.0186768076483121,2.554142063233879,2.4329500747681854,14.747087971920152,10.791657373814207,13.438834887768838,13.273969684204127
360810124002,0.6831606485784405,12.191263270299274,1.6604941996485216,7.544625313928474,4.213171472239507,6.391083107163887,1.2606199366876476
360810126021,0.9786834722649891,5.209663004035204,12.690045398937084,1.7191179748374275,13.507209374752092,10.803620321620153,3.7592272287290225
360810132001,1.0128056378683092,3.929439092170991,3.2537478959800756,14.47542582916392,4.635815249221689,7.590521213210929,8.899130450067371
360810142012,0.8756247324037281,1.6634597987192836,1.8607726660134118,13.072925967276277,4.515649716122235,1.6638632347219784,9.73219306609721
360810144001,0.8246667976128469,3.0219451480956727,9.72662925291894,1.2492888529774357,14.855762911569578,9.61498623061977,1.123368426909309
360810150002,1.021628261327189,3.2385107630805017,1.2980999837318041,14.137116700442323,1.238226130376626,4.765815904579739,5.787106862139048
360810153001,0.6168216500261823,1.9633762320088062,13.063709700510255,12.286733869091801,4.652469508180569,14.540380627677239,12.901513480377993
360810154002,0.993292170225907,1.3694249975605288,10.44935919675955,3.880406519209238,11.327367410762681,9.495363740044475,4.325646258718012
360810158023,1.0174004910713905,3.359353139258774,1.3285837454490483,14.424617094380807,3.909455047544981,5.794400962686284,10.142148851533449
360810166001,0.6687631678597967,14.77200857701037,13.633638398954188,3.6576606687700775,11.359263151431715,11.975988462677492,3.6144687974387963
360810176002,1.0118094653617709,3.0579831355090565,9.437242028354895,2.411464972453871,11.313005460896433,5.8576105071703335,4.004475981879053
360810181021,1.0118045039220436,1.5536100709947078,14.459111836387901,3.7315708967779386,14.22466702746933,12.820212107088762,1.4644409116294028
360810183005,0.6048124029114533,13.244478466454439,7.889926180859792,6.300651294553662,14.86368127805142,7.6924636929001675,4.09827858730479
360810198002,0.7849921965238961,2.4535312456850464,13.564840588878887,4.2623136611056225,1.6612687472894194,3.229709323376361,12.443003066359395
360810202001,0.763454655786669,1.0930767171402977,1.9838091209612823,4.3582406968716105,1.4593827097753,11.394524373013866,14.228458371254469
360810214003,0.8289103719953146,2.0436494371856746,12.288532105105155,1.065762150818097,3.5649444392096554,14.945742462033621,14.100968113405326
360810254004,1.0033518582644274,14.067085691266431,1.5564884047906062,2.4193765969133514,9.379153454713554,14.640386516093404,7.3559452188427255
360810271004,0.8399605395639002,7.490358959446939,10.822961533157986,1.8871314666384846,11.09315417821525,13.78033101679849,1.3416670126605827
360810283004,1.0213045830329512,2.0803965761403638,1.5039327434717236,14.643310584091745,1.3225265800165042,5.013892910078855,10.12912773245589
360810294003,1.0251921915863664,6.676472213673115,4.387381718388067,14.519665845925454,6.023956656470326,5.3115320012777385,7.215507841477801
360810294004,0.7976743854840769,10.838919971702255,1.4980528685633214,5.949143563648374,1.9488830295568218,3.8267465371686775,2.3532640514451426
360810297002,0.7827807390340429,13.911708142712595,12.78157772386405,4.127546773494521,5.347174197920554,11.986655664888957,14.49744530440057
360810309033,1.020569225635165,4.03003378296458,7.652012233397673,14.925769056221895,12.16869146608248,12.619260024701902,11.247151629117106
360810317002,0.8389398498770695,13.705205709867307,8.953857961203903,6.2227204843818225,1.0837484818077923,14.418431637220412,2.7294706308808667
360810351001,1.0113953177799262,2.7276862536446576,2.366965839612425,14.975173914103282,9.373942660680664,10.40733427474743,10.175033429395143
360810363001,0.9432152361391987,2.850396251428953,10.877340839548166,1.9680776932220532,2.1859033764637665,10.864053974997686,8.045425433545592
360810404004,0.8073137628327923,14.969024261271215,12.040014227167084,11.68049708207975,7.0985507401557,12.082845677798371,14.775968330711894
360810409004,1.0148096978958663,5.3178505382733565,3.3173479352792214,14.39263246008867,6.8708270629749855,10.169683003463597,8.507826874994095
360810413002,0.8640651012348801,6.21641207281548,14.037960655914368,8.633329912596615,2.344403817172883,6.908500359657026,14.39118976169712
360810439001,0.7902255532910207,12.893178366720354,14.966021338869304,3.6638072213081045,6.259439266186581,11.153668196647423,3.5788741693915167
360810440003,0.7883946526719818,13.11696639115929,14.301539158553103,4.982521241645277,12.818931894844937,13.97979161769275,3.0577964342235706
360810444001,1.0224080807179914,14.590351105595989,14.067904526700246,4.506851394679585,6.7187431747764705,6.343872386017958,13.22995791315013
360810446012,0.680118771078208,13.849173717440676,13.964962121065932,8.877072120783476,14.788452779674445,13.500596330177242,14.736987648906561
360810448001,0.7157635839953863,7.338478153505813,8.610926247353829,2.2037332003823478,13.94455914248398,6.244288516111049,14.986758234556389
360810456001,1.0117853149618428,5.5653198349072,13.280247230036952,5.9150010739981695,3.5062330116806426,8.037171909124316,2.436834041763289
360810459001,0.9268321942146975,7.74203764707602,3.1468333022654593,5.050646470165528,14.123344970811006,9.566275449605854,2.4305925675077553
360810469002,1.0132019675488637,1.9784501051128203,1.0984920584314786,14.32878108958992,11.234401946875483,8.741748284746368,7.631403268016854
360810500002,0.7429348958236783,1.220663419353933,12.90890447219236,10.209082373329426,10.610094817879713,1.2698532214639067,14.714367047723478
360810511001,1.02014148736387,1.9460080922529883,7.999858090076122,14.43502354755281,5.030976499251452,14.64821345875362,11.649691641553
360810512003,0.5049334832688555,1.0241052086205116,13.600593369051545,9.003399778312371,13.675130870772207,5.311239422250036,14.973386592929643
360810534012,1.0216282590876105,3.030589557369754,3.2656796256071727,14.526527985346746,1.137807049703261,6.931039438013611,6.689382919781496
360810538001,1.0200793340631984,3.117836530761119,3.5641138622636683,14.305744466721592,5.024985227445544,10.961855395116624,2.7727981348528736
360810542002,0.6278694574011214,3.879362200204506,4.498799000407558,3.630665490037586,1.7101973094610763,9.692377248046128,4.76030429921322
360810551002,0.9968024849324054,6.722266661388209,9.523007722994274,1.027200305296919,2.6554133007879663,10.548876248887339,2.8210024272568006
360810557001,1.0189241861007898,3.0043330384181086,3.2154434236028777,10.931657655388378,9.96230972858682,11.611863599738669,11.107477487251888
360810579002,0.34892658750649985,6.44432255911624,1.4293661417785941,4.4432747996918955,14.05868683525528,8.886150827394651,3.310940741634636
360810585002,0.9755717961421333,12.852721038223375,13.976705536528769,2.0461408653374065,1.7264058214263573,1.9949788662990073,4.251309436024073
360810589003,1.0227563959490298,3.0380321273674316,1.1542889060144819,14.873926997804377,1.4754917519531539,5.4220133992239425,6.099575562390481
360810591004,0.619385697653642,11.690876954781123,5.673716530055584,5.550262301757404,3.105335188812621,9.03308348418598,12.943483689291059
360810593002,0.6960729861164163,12.70106290604582,11.772612389865689,3.283498710892971,2.0849108249664035,12.31695209549374,11.508331006270485
360810600001,0.4558821694545172,13.322097446763287,9.855968011597461,2.2078899415289372,14.619503786759843,11.014105725124084,3.4857175990045093
360810613011,0.8120932839372443,11.781050362124144,4.459916357509251,8.75066901842894,6.72524041983567,2.972980328368899,1.102172642515768
360810613013,1.012456903601514,6.088379843825109,4.433036641436108,14.558318960592862,1.8831319631099372,9.268072474033605,8.939720438587349
360810616012,1.0162106047527195,2.1010787880921864,1.4144329859338711,14.224454366358506,4.631393839074953,5.561164162995364,5.097298968334158
360810629001,0.7658536779864591,14.948973986394897,9.973199361641328,9.605584511363023,7.4994462495442065,4.252635790943167,6.172089804926463
360810632001,0.6546839876042373,14.141145633380873,11.859500069015837,8.50993135316304,11.110834753549558,5.363753981844269,3.166896480960721
360810650001,0.876858631728766,14.948955933543054,12.254321275859166,2.4218162597169597,4.53377029895812,13.141458014004074,2.4376035168445807
360810654001,0.9821676712908003,3.638503125142623,8.434160699093113,6.099272584743957,9.530094195679865,1.0754159618443957,4.125610157601539
360810656003,0.991628800331929,6.836339508441291,8.421876013657513,2.37736149712698,3.196092224454193,13.639167825932196,1.3814486182660044
360810664002,1.0176418847025628,1.3700421140586698,1.286785551890947,13.611025924708201,3.39624423677705,8.185684121568904,1.7678802498621615
360810667011,0.8317372774821857,10.493771247202261,2.3615908937999657,6.816904893769571,14.96180812538661,3.795024318148034,4.717490941083142
360810687001,0.8160792564763446,10.145451603288649,12.51078914809421,5.393110078295772,10.881214244916482,5.592405199458483,1.1040462819003372
360810694001,0.7097495695638426,14.426629369893508,9.998897163854336,11.644637063176617,7.8709180763942665,10.93232322009443,1.3862656691918203
360810713051,1.014416336338011,6.2277441139095675,14.90912812738436,1.2656357250828734,11.989414175807013,7.613806644837965,3.6408337467172815
360810713061,1.0018453078786271,1.1570172499348779,5.681998796822444,1.8654323570466,11.784040217066003,5.071961722747957,2.5607613664947593
360810719001,0.5102482686642018,10.31998584959073,11.076663964967825,1.4190726513019296,11.386330520730247,2.2489609116747644,1.6787812519052814
360810721005,1.0160617638297686,9.305168547431162,11.456439413045764,14.97623149212964,8.183669414099734,11.614823250704491,10.85304820546828
360810731001,1.0065359683316286,14.32710251481064,6.460782834521651,9.648694152059614,10.113729833312775,10.354219379274094,14.433085343784434
360810769021,1.0201414929948749,1.4132691384897855,1.5629571514325002,13.156621182285477,2.5846034065210226,7.423609723749286,10.71269468092964
360810779033,0.9126304649217325,1.9071191770980966,14.54175753952964,1.0742619369791018,2.493269666013684,12.480230370556965,6.720199650370006
360810803021,1.0113953181121493,1.9901517734176775,2.998152896061599,14.557023294562995,5.599574924855496,9.53917158530296,11.575440094720179
360810803023,1.0125165414421984,8.925759969506199,13.669608843510161,1.6512146463536936,1.006427446018776,1.4650358398640702,2.573203653806914
360810818001,1.0240969164244775,1.9269923507349471,1.0933170605716995,12.19838231914322,3.795770010696132,9.353240499150097,5.784839260013432
360810846012,0.712580922701582,13.689310234312611,12.670279019838262,2.6086238168389184,1.007026550441644,11.223063128730228,2.0674266211968018
360810853003,0.5496284871703492,14.363921457229177,8.440049835490141,2.9843977083779496,5.8527908383493745,4.998107627857749,1.1972959006487986
360810857002,0.8091519013161907,10.575633732437481,5.734825754132732,1.1090166220321098,8.330361599303508,4.041881058506355,2.429311428581811
360810869001,0.7494824641412143,6.5197937447365995,5.687937259019914,14.999892581049219,2.961010155681363,10.74259366110009,3.54530563536618
360810884002,0.6546291195275082,3.098266601374165,1.0238248193763813,14.240220654966468,1.2893869444004782,9.013526629070917,7.705748161873188
360810884004,0.7956829745229279,7.9817399376074025,13.46270847353032,1.2141825618820459,5.274719251909319,3.0277595587033943,1.5325318052918888
360810892001,0.7789139230714203,10.517043860562064,3.837507784577444,10.842260691238756,14.971551730937769,2.290798795901381,2.527378619736473
360810892002,0.830953528225826,14.217894515503374,1.5016228914830592,2.949309927708452,12.02332004931124,7.808827359037878,10.387205529960134
360810934013,0.8598096404100822,4.460885325628865,11.524679537590387,13.087539240921615,12.246475026604653,9.888000747093095,14.42800483728307
360810954001,0.9526807388143228,6.986590182563674,6.028092124835508,2.431918516283554,3.0286789355665142,11.521090850951232,1.029930217771588
360810954003,0.7784460829891887,13.903116712055848,11.684071562628976,4.912383579995751,5.4853963014990015,2.4349775649966574,4.0407170717276255
360810972032,1.0257880847528051,3.672389560034043,5.305811055309641,14.118142134344168,8.247182641187573,10.711563328730634,4.675612250969291
360810973001,1.0295783476548446,5.2569504956722675,4.444032216765933,14.088684294709747,2.0129048416487016,5.904793231807552,7.957332019058509
360810973003,1.0317244329551254,12.68481052101016,12.413694950816836,4.523069866683336,11.21794568899394,9.049192168220774,14.742045278021777
360810991003,0.9741059393635754,7.4033974747979014,7.38482856248596,1.0210604477934915,1.5596792064760479,7.926261101326569,2.3033710438677453
360810997011,0.8228495549601402,11.038046953185805,6.648337304681968,1.1699164789891956,10.211737954771728,7.181686116431234,2.4812312063348942
360810998012,0.9905100314575331,11.967072759970385,13.80138232547922,1.0678910445530905,4.429159891040612,1.7126382623073066,2.4965453708430663
360810998013,0.9642147268941562,1.916318214249742,14.522375707676613,1.054303470595002,1.4055944860725482,14.049906974052327,1.298833433812522
360810998015,0.7367847951730149,7.4615265986996615,9.509998672492529,2.888979221813564,10.90652855385322,3.5414900054398495,3.394779481141839
360811017005,1.0367455129591732,3.620007634826429,4.417664307003771,14.19823364487831,2.0170577205706715,4.1124882897848725,1.1738809767133223
360811032011,0.9464606320330705,6.860388224378423,11.541479227080785,7.789865403512376,1.0129187325049558,12.187977630471309,6.492294277530186
360811047002,0.7964872958062614,14.13416749258122,1.393491614546182,8.79067013883776,13.999022197935755,14.691018069273433,8.06069860775526
360811113003,1.0162801167118283,1.7278522430148726,7.3837983294679095,3.7964433506057507,10.622833643006109,7.686050280460982,14.900100540234513
360811139001,0.8486286944954173,11.388430705472388,11.266325681843087,1.97637901638703,6.09407857428885,5.960752746280953,2.8071144730951385
360811155002,0.9881943894999008,9.424116103938658,10.404943597087914,1.2265110509647492,14.912260812870688,5.4657146089241255,4.7670126641743185
360811185002,0.7172832093087516,13.295063472961653,12.003313133512165,2.6906269908301823,8.113297439711104,6.536407251301332,5.959366627394223
360811193002,1.026316558599647,4.207224999017755,2.6324592260054596,14.924101213761805,7.949828175431824,10.233740168237167,4.0994063967585
360811241003,0.44982943676024234,9.206992659594318,14.7748428686763,1.1836012119115331,14.09175097763778,3.0172744139301724,14.983642183689756
360811291031,0.1357247445724401,14.683449800916552,13.577140763316372,4.894646816065856,8.844834889212832,6.550194772527709,7.321752236590253
360811347002,0.8934530152746756,6.411759548403527,7.280661155842905,2.170834426990057,6.579361636653633,1.015320485419828,7.360058511655602
360811385013,0.8389865310961734,13.365621967884852,11.838834720308407,1.2084332477074209,11.954709690715026,10.042194510202204,5.358733810546051
360811409022,0.6583823897100978,13.707260260268443,13.471806688499354,1.735085159430195,14.767186289547093,9.137667250466013,6.427441103317254
360811417004,0.7414529119457005,10.809003415291805,14.753086454303032,2.0560019805622587,13.964124575920897,9.148820369125561,6.879717861819021
360811471002,0.8591261195578449,14.79161708438172,14.096084096351174,1.9866775768586433,3.2018107896635204,14.703491273617214,6.134767480543453
360811507013,1.0065359613024105,1.2690441172192526,3.0940341198927266,13.790359355555868,6.186101399131147,7.324354412844268,1.2904538855252548
360811507022,0.6668007983300797,14.59966033414753,1.293731635521027,10.380114969859582,13.099548599765594,6.917528088099246,12.551846223456582
360811529012,0.6218868553554924,14.575679643852745,10.963125795412466,2.84238696577916,8.925557087008398,2.55252805283604,6.039418342338928
360811529021,1.0065359720680633,3.2694786198142793,1.4617712120719446,14.246712633655811,5.562400860823834,11.130381689651312,2.8882987865171077
360811579033,1.0065359518557764,14.926557534133433,7.815779667336322,5.789670703886408,11.584158300165079,9.514286800067694,9.792027321602525
360811621003,1.014740768448782,3.9614361915713667,5.562305397128014,14.491678214746539,4.0555827288659465,3.2639553174729095,3.7473573961907105
360850006002,0.8794062367309301,2.125744707403643,13.098884460163736,1.264790278956061,14.09744422840992,11.52715336325976,13.057937391243527
360850007001,0.9030442444805221,13.467125827097659,1.8746313172343712,7.758968901195252,11.72353854127273,1.6616080045269985,9.348331784638908
360850007002,0.7954448340314685,14.809361376332118,7.727408477075625,7.705059777853511,2.761131995922285,13.427124203852488,5.084137151831479
360850021001,0.4805702521238213,14.329410212760736,7.766323266027633,10.141648494486178,2.4406548342710224,7.1223664385764955,4.151060959243962
360850050001,0.700181323657523,8.750227734354487,1.190996428951832,13.569848856804743,6.237562402887228,1.2107304702570252,10.39120821714911
360850096011,0.47142773602258115,9.550343299358783,2.3224371075400514,4.144484460619691,4.180006462255928,9.344819203076934,1.2226782697256162
360850105002,0.7494708374019479,11.59620518800581,5.10395848716678,14.50646520460858,10.807879595555182,9.276278713883642,4.312772287330516
360850122003,0.885922273175242,2.283283987893167,3.5219036282924794,7.65391133076707,7.3557544364483425,5.502193488721639,12.428076208826042
360850133022,0.787803136792175,7.75943368884122,3.7383854760030175,12.899226946859521,12.657006650115004,3.5045065878386152,8.95188332470587
360850146063,0.7794103733129663,5.530440731958574,4.566221316881821,4.799986478219342,9.963929667370543,11.691859763983699,13.815218928343377
360850146082,0.6983257177339213,3.3662603564517966,1.6557245811050372,5.210054555685187,3.552362852194479,10.676843474259988,13.599660083741718
360850151005,0.9193351823796624,14.48222735594527,2.067703920390028,11.258806810034095,4.152011859416085,2.1581622856920752,14.06648438154302
360850156013,0.8044273475713676,3.3402278759363497,1.1867854807369191,1.9135928838424814,9.254618868858255,10.695444258973813,9.95221862889043
360850170093,0.7483415338536756,10.940885078156374,2.7396058609735903,1.0718334658905406,1.106843946375914,12.035716796851744,12.652720129995146
360850170101,0.775730682184663,11.054710634950574,2.899397432887222,6.38526594689743,5.1415594641356295,4.5643848432750405,1.1719571326452236
360850197002,1.0225742047943942,14.104562918284401,1.9169144949489503,12.574337778895439,10.582536791689888,11.4970927087316,14.271667890203299
360850223001,0.822721916483879,13.775645632062997,1.2423599352313661,12.174927850071882,7.001756679884141,11.894570346455412,1.0167548277825331
360850247002,0.8025494272125826,13.126688502493984,1.7425925324908214,7.840062201970255,9.340103670613807,6.4863070004246435,11.073897332766197
360850248001,0.7929201724358104,13.942830742416412,1.8297002341959696,8.278115389980446,3.8124934057226056,8.602779189874749,7.891892027859628
360850273022,0.7723096667026488,5.820183070798883,1.0948544591782863,8.976473067714071,3.2181317862112033,13.57426466287016,4.091586797899659
360850277042,0.6763424575398288,14.424062432676216,1.9503898912267914,13.064594476102382,2.013059695765943,8.08047686929477,14.435253827540885
